<?xml version="1.0" encoding="UTF-8"?>
<Invoice xmlns="urn:oasis:names:specification:ubl:schema:xsd:Invoice-2" xmlns:cac="urn:oasis:names:specification:ubl:schema:xsd:CommonAggregateComponents-2" xmlns:cbc="urn:oasis:names:specification:ubl:schema:xsd:CommonBasicComponents-2" xmlns:ccts="urn:un:unece:uncefact:documentation:2" xmlns:ds="http://www.w3.org/2000/09/xmldsig#" xmlns:ext="urn:oasis:names:specification:ubl:schema:xsd:CommonExtensionComponents-2" xmlns:qdt="urn:oasis:names:specification:ubl:schema:xsd:QualifiedDatatypes-2" xmlns:sac="urn:sunat:names:specification:ubl:peru:schema:xsd:SunatAggregateComponents-1" xmlns:udt="urn:un:unece:uncefact:data:specification:UnqualifiedDataTypesSchemaModule:2" xmlns:xsi="http://www.w3.org/2001/XMLSchema-instance">
  <ext:UBLExtensions>
    <ext:UBLExtension>
      <ext:ExtensionContent/>
    </ext:UBLExtension>
  </ext:UBLExtensions>
  <cbc:UBLVersionID>2.1</cbc:UBLVersionID>
  <cbc:CustomizationID>2.0</cbc:CustomizationID>
  <cbc:ID>B001-00000013</cbc:ID>
  <cbc:IssueDate>2025-10-21</cbc:IssueDate>
  <cbc:InvoiceTypeCode listID="0101" listAgencyName="PE:SUNAT" listName="Tipo de Documento" listURI="urn:pe:gob:sunat:cpe:see:gem:catalogos:catalogo01">03</cbc:InvoiceTypeCode>
  <cbc:DocumentCurrencyCode listID="ISO 4217 Alpha" listName="Currency" listAgencyName="United Nations Economic Commission for Europe">PEN</cbc:DocumentCurrencyCode>
  <cac:Signature ID="sign20613750551">
    <cbc:ID>sign20613750551</cbc:ID>
    <cac:SignatoryParty>
      <cac:PartyIdentification>
        <cbc:ID>20613750551</cbc:ID>
      </cac:PartyIdentification>
      <cac:PartyName>
        <cbc:Name>QUANTIO SOLUTIONS EIRL</cbc:Name>
      </cac:PartyName>
    </cac:SignatoryParty>
    <cac:DigitalSignatureAttachment>
      <cbc:ExternalReference>
        <cbc:URI>#sign20613750551</cbc:URI>
      </cbc:ExternalReference>
    </cac:DigitalSignatureAttachment>
  </cac:Signature>
  <cac:AccountingSupplierParty>
    <cac:Party>
      <cac:PartyIdentification>
        <cbc:ID schemeID="6" schemeName="Documento de Identidad" schemeAgencyName="PE:SUNAT" schemeURI="urn:pe:gob:sunat:cpe:see:gem:catalogos:catalogo06">20613750551</cbc:ID>
      </cac:PartyIdentification>
      <cac:PartyLegalEntity>
        <cac:RegistrationAddress>
          <cbc:AddressTypeCode>0000</cbc:AddressTypeCode>
          <cbc:District>Santiago de surco</cbc:District>
          <cbc:Province>Lima</cbc:Province>
          <cbc:Department>Lima</cbc:Department>
          <cac:Country>
            <cbc:IdentificationCode>PE</cbc:IdentificationCode>
          </cac:Country>
        </cac:RegistrationAddress>
      </cac:PartyLegalEntity>
      <cac:PartyLegalEntity>
        <cbc:RegistrationName>QUANTIO SOLUTIONS EIRL</cbc:RegistrationName>
      </cac:PartyLegalEntity>
    </cac:Party>
  </cac:AccountingSupplierParty>
  <cac:AccountingCustomerParty>
    <cac:Party>
      <cac:PartyIdentification>
        <cbc:ID schemeID="1" schemeName="Documento de Identidad" schemeAgencyName="PE:SUNAT" schemeURI="urn:pe:gob:sunat:cpe:see:gem:catalogos:catalogo06">46971222</cbc:ID>
      </cac:PartyIdentification>
      <cac:PartyLegalEntity>
        <cbc:RegistrationName>GIACOMO JEREMY GONZALES GONZALEZ</cbc:RegistrationName>
      </cac:PartyLegalEntity>
    </cac:Party>
  </cac:AccountingCustomerParty>
  <cac:LegalMonetaryTotal>
    <cbc:LineExtensionAmount currencyID="PEN">15.00</cbc:LineExtensionAmount>
    <cbc:TaxInclusiveAmount currencyID="PEN">17.70</cbc:TaxInclusiveAmount>
    <cbc:PayableAmount currencyID="PEN">17.70</cbc:PayableAmount>
  </cac:LegalMonetaryTotal>
  <cac:TaxTotal>
    <cbc:TaxAmount currencyID="PEN">2.70</cbc:TaxAmount>
    <cac:TaxSubtotal>
      <cbc:TaxableAmount currencyID="PEN">15.00</cbc:TaxableAmount>
      <cbc:TaxAmount currencyID="PEN">2.70</cbc:TaxAmount>
      <cac:TaxCategory>
        <cbc:ID schemeID="UN/ECE 5305" schemeName="Tax Category Identifier" schemeAgencyName="United Nations Economic Commission for Europe">S</cbc:ID>
        <cac:TaxScheme>
          <cbc:ID schemeID="UN/ECE 5153" schemeAgencyID="6">1000</cbc:ID>
          <cbc:Name>IGV</cbc:Name>
          <cbc:TaxTypeCode>VAT</cbc:TaxTypeCode>
        </cac:TaxScheme>
      </cac:TaxCategory>
    </cac:TaxSubtotal>
  </cac:TaxTotal>
  <cac:InvoiceLine>
    <cbc:ID>1</cbc:ID>
    <cbc:InvoicedQuantity unitCode="NIU" unitCodeListID="UN/ECE rec 20" unitCodeListAgencyName="United Nations Economic Commission for Europe">1.00</cbc:InvoicedQuantity>
    <cbc:LineExtensionAmount currencyID="PEN">15.00</cbc:LineExtensionAmount>
    <cac:PricingReference>
      <cac:AlternativeConditionPrice>
        <cbc:PriceAmount currencyID="PEN">17.70</cbc:PriceAmount>
        <cbc:PriceTypeCode listName="Tipo de Precio" listAgencyName="PE:SUNAT" listURI="urn:pe:gob:sunat:cpe:see:gem:catalogos:catalogo16">01</cbc:PriceTypeCode>
      </cac:AlternativeConditionPrice>
    </cac:PricingReference>
    <cac:TaxTotal>
      <cbc:TaxAmount currencyID="PEN">2.70</cbc:TaxAmount>
      <cac:TaxSubtotal>
        <cbc:TaxableAmount currencyID="PEN">15.00</cbc:TaxableAmount>
        <cbc:TaxAmount currencyID="PEN">2.70</cbc:TaxAmount>
        <cac:TaxCategory>
          <cbc:ID schemeID="UN/ECE 5305" schemeName="Tax Category Identifier" schemeAgencyName="United Nations Economic Commission for Europe">S</cbc:ID>
          <cbc:Percent>18.00</cbc:Percent>
          <cbc:TaxExemptionReasonCode listAgencyName="PE:SUNAT" listName="Afectacion del IGV" listURI="urn:pe:gob:sunat:cpe:see:gem:catalogos:catalogo07">10</cbc:TaxExemptionReasonCode>
          <cac:TaxScheme>
            <cbc:ID schemeID="UN/ECE 5153" schemeName="Codigo de tributos" schemeAgencyName="PE:SUNAT">1000</cbc:ID>
            <cbc:Name>IGV</cbc:Name>
            <cbc:TaxTypeCode>VAT</cbc:TaxTypeCode>
          </cac:TaxScheme>
        </cac:TaxCategory>
      </cac:TaxSubtotal>
    </cac:TaxTotal>
    <cac:Item>
      <cbc:Description>Hamburguesa clasica</cbc:Description>
      <cac:SellersItemIdentification>
        <cbc:ID>t5aniX7SZYJlDoBjMrpJ</cbc:ID>
      </cac:SellersItemIdentification>
    </cac:Item>
    <cac:Price>
      <cbc:PriceAmount currencyID="PEN">15.00</cbc:PriceAmount>
    </cac:Price>
  </cac:InvoiceLine>
</Invoice>